snapped_at,price,market_cap,total_volume
2019-09-18 00:00:00 UTC,0.11440315561916242,181921868.8926456,51190435.93994769
2019-09-19 00:00:00 UTC,0.07820936216578471,122042999.71579961,4343889.00895705
2019-09-20 00:00:00 UTC,0.057816042038081085,93471509.82404302,26900818.2774817
2019-09-21 00:00:00 UTC,0.052569976191852934,86997867.69222786,15858286.671405315
2019-09-22 00:00:00 UTC,0.04799052181403463,82197489.87433445,13092025.652961418
2019-09-23 00:00:00 UTC,0.03974469397600902,69517033.7414375,10537901.511443356
2019-09-24 00:00:00 UTC,0.0378187991163208,67114068.60201465,11326591.125456944
2019-09-25 00:00:00 UTC,0.029529729513760115,56377440.58075029,11941167.765984274
2019-09-26 00:00:00 UTC,0.03014218710994275,19441751.305037558,8920159.193790764
2019-09-27 00:00:00 UTC,0.028942805521468867,18701589.194600083,5182540.970721739
2019-09-28 00:00:00 UTC,0.03699490411952716,23862367.92990303,11947097.85567545
2019-09-29 00:00:00 UTC,0.03993609226733013,25542872.673248213,11221529.124161039
2019-09-30 00:00:00 UTC,0.03567410551413672,23060906.27947901,13674976.964697985
2019-10-01 00:00:00 UTC,0.03794365766157802,24493870.34086961,20867801.366431225
2019-10-02 00:00:00 UTC,0.037609178281318226,73395606.78132702,5643608.633288588
2019-10-03 00:00:00 UTC,0.037609178281318226,73395606.78132702,5643608.633288588
2019-10-04 00:00:00 UTC,0.03817185601275415,24332545.85295131,5450297.808694491
2019-10-05 00:00:00 UTC,0.0386801308377213,24531330.387781058,5624962.663130261
2019-10-06 00:00:00 UTC,0.04188266370391801,26679335.97620821,11887635.411776828
2019-10-07 00:00:00 UTC,0.038017316013573915,24198772.522648383,4223206.935569445
2019-10-08 00:00:00 UTC,0.03813629460297406,24252607.23102387,4891488.448047395
2019-10-09 00:00:00 UTC,0.03867485489148758,24619379.46072205,3913386.309080131
2019-10-10 00:00:00 UTC,0.03907831315512046,0.0,4652610.458871537
2019-10-11 00:00:00 UTC,0.03813581871953218,24274049.749892708,3249050.602357329
2019-10-12 00:00:00 UTC,0.035809490885628195,22788598.94091064,2989456.064439865
2019-10-13 00:00:00 UTC,0.03501141951995891,22285320.40945974,2189144.4469848294
2019-10-14 00:00:00 UTC,0.03307690851037947,21167879.459191088,2449780.267740424
2019-10-15 00:00:00 UTC,0.03721801655200903,23765408.661552977,5511079.714062539
2019-10-16 00:00:00 UTC,0.038085700542189016,24404838.626859576,5766685.4501610445
2019-10-17 00:00:00 UTC,0.03734615248790331,23643017.38712567,5247251.939613227
2019-10-18 00:00:00 UTC,0.03527766355358061,25038002.732321247,3691756.499943716
2019-10-19 00:00:00 UTC,0.03389264567326841,24073226.7739702,3261469.0549417054
2019-10-20 00:00:00 UTC,0.03355290121284911,23853814.15846948,2210655.2935017087
2019-10-21 00:00:00 UTC,0.03324834926092926,23515393.153852224,2199985.798265821
2019-10-22 00:00:00 UTC,0.033369049029544316,23777212.507619053,2529723.1300713276
2019-10-23 00:00:00 UTC,0.03161045447145873,22486874.52495283,3341576.973397691
2019-10-24 00:00:00 UTC,0.02803890320667784,22573277.068144828,4742153.771767817
2019-10-25 00:00:00 UTC,0.028799962005148914,23388580.242919974,3074024.874698936
2019-10-26 00:00:00 UTC,0.030693857879365082,24666552.383681357,5030346.358621036
2019-10-27 00:00:00 UTC,0.03079727738429103,24682622.588861264,4389404.814605432
2019-10-28 00:00:00 UTC,0.031680688562673434,25495879.583347116,2867553.1434227177
2019-10-29 00:00:00 UTC,0.03179065891046793,25753935.15840184,3907690.536098134
2019-10-30 00:00:00 UTC,0.03400928772224473,27524030.174453605,4667984.8727204455
2019-10-31 00:00:00 UTC,0.032807704786383694,26402875.96605991,3008995.487508796
2019-11-01 00:00:00 UTC,0.03323129398985461,26846745.04662592,2901998.012241939
2019-11-02 00:00:00 UTC,0.03485430175961846,28049929.497804016,3084632.44014781
2019-11-03 00:00:00 UTC,0.034420350081154225,27688840.564177115,1928301.2589129955
2019-11-04 00:00:00 UTC,0.03683857043893704,29595582.353731755,4272690.951160766
2019-11-05 00:00:00 UTC,0.0363929185769756,29288172.44263918,6649138.93246646
2019-11-06 00:00:00 UTC,0.03620872421103457,29139937.11105309,2576523.4268634226
2019-11-07 00:00:00 UTC,0.034185796387947165,27489639.540962763,2844160.4831793844
2019-11-08 00:00:00 UTC,0.03280850478337551,26403519.784988597,1862545.2932419612
2019-11-09 00:00:00 UTC,0.03289393405333642,26475045.74672625,2674477.6392879332
2019-11-10 00:00:00 UTC,0.036926277633659084,29717407.377258353,6626390.935962148
2019-11-11 00:00:00 UTC,0.03544513121392906,28525415.268626116,2727611.057123906
2019-11-12 00:00:00 UTC,0.03449879473392944,27790997.45879201,1511065.9935806002
2019-11-13 00:00:00 UTC,0.035216118105045664,28264740.420090314,1348671.8737775888
2019-11-14 00:00:00 UTC,0.03504233467921572,28180901.067286685,2917463.4891661177
2019-11-15 00:00:00 UTC,0.03396882821788609,27366616.361839235,1717787.6459313736
2019-11-16 00:00:00 UTC,0.03246541239482738,26109494.336314492,2165901.769739597
2019-11-17 00:00:00 UTC,0.032839537780031444,26404336.9350342,1147700.45338635
2019-11-18 00:00:00 UTC,0.03271924971864734,28471608.852255,2115294.0681082387
2019-11-19 00:00:00 UTC,0.030724601812555964,26783577.805387184,1538133.2015815475
2019-11-20 00:00:00 UTC,0.030320020016240547,26535260.43138929,1711549.1938324054
2019-11-21 00:00:00 UTC,0.02939051012379247,25575326.59881244,1561251.158784722
2019-11-22 00:00:00 UTC,0.027390415885175167,23879940.561355658,1306476.1307206356
2019-11-23 00:00:00 UTC,0.02634150540426245,22966206.773129188,1843105.1860342538
2019-11-24 00:00:00 UTC,0.025608987380293834,24980826.915572673,3990318.7963421238
2019-11-25 00:00:00 UTC,0.024188215002351184,23467178.179192156,1342665.4094966576
2019-11-26 00:00:00 UTC,0.02414278167689606,23400220.130891986,1841030.163982037
2019-11-27 00:00:00 UTC,0.024381033916115645,23552517.327893168,1355422.8830214648
2019-11-28 00:00:00 UTC,0.02625647912105957,25452149.29744317,2444389.7956182663
2019-11-29 00:00:00 UTC,0.025084399500199518,24219799.713143896,1286161.3162261732
2019-11-30 00:00:00 UTC,0.026974269498114153,26065900.193054207,2190530.3922270644
2019-12-01 00:00:00 UTC,0.025398670941052855,24540922.594457813,1952655.151252906
2019-12-02 00:00:00 UTC,0.02667476791267375,25135948.255126476,2020152.8483333415
2019-12-03 00:00:00 UTC,0.02508716660219787,24213058.289776158,500614.99751751864
2019-12-04 00:00:00 UTC,0.024300110160364992,23494437.108704004,2053988.6666058656
2019-12-05 00:00:00 UTC,0.02316540389567765,22519410.681417838,3620405.9373382614
2019-12-06 00:00:00 UTC,0.02257662095885276,21836456.055998974,3329129.889388953
2019-12-07 00:00:00 UTC,0.023605433965414424,23048249.985322397,3263509.8053308274
2019-12-08 00:00:00 UTC,0.024597065471031417,23637173.743139625,2610764.6122195874
2019-12-09 00:00:00 UTC,0.02729943845003627,26021073.486914165,4358528.778279698
2019-12-10 00:00:00 UTC,0.02521640016715668,24413422.509571746,4374063.811662763
2019-12-11 00:00:00 UTC,0.023492216714700705,22710723.548862927,4176643.440099737
2019-12-12 00:00:00 UTC,0.024652835460914877,23823240.503494594,2911589.759485206
2019-12-13 00:00:00 UTC,0.02324275306193307,22579161.671595465,2429059.912487675
2019-12-14 00:00:00 UTC,0.023426238393140102,22811228.162292633,2246395.4005428175
2019-12-15 00:00:00 UTC,0.023271171672630393,22461393.010295283,1934359.0299909457
2019-12-16 00:00:00 UTC,0.022852333936270165,22115367.22028836,2323296.49725475
2019-12-17 00:00:00 UTC,0.02094905532174623,20563186.351282172,2955516.8374095685
2019-12-18 00:00:00 UTC,0.018557713308301742,19433528.703919835,1499481.6163431038
2019-12-19 00:00:00 UTC,0.019520274712221078,20063789.698092878,1642558.903203778
2019-12-20 00:00:00 UTC,0.0182214026626319,18828192.13528054,1161561.0659922266
2019-12-21 00:00:00 UTC,0.018836295707907045,19476485.703500953,1318349.8262751866
2019-12-22 00:00:00 UTC,0.018430442476022043,19065680.986183655,1170842.0501553402
2019-12-23 00:00:00 UTC,0.018610582667787163,19322092.268108413,1956119.1771936624
2019-12-24 00:00:00 UTC,0.015705072745235808,22471121.380005658,6196876.36413418
2019-12-25 00:00:00 UTC,0.0150924685475494,22959548.414869055,1228667.0919758354
2019-12-26 00:00:00 UTC,0.01471751306154164,22261108.512155853,1570008.996804924
2019-12-27 00:00:00 UTC,0.014701088653830617,22237252.358064078,992777.1557218389
2019-12-28 00:00:00 UTC,0.014211275281529519,21499219.339720674,1320540.086071014
2019-12-29 00:00:00 UTC,0.014250802789917614,21803945.28911159,864973.7090338852
2019-12-30 00:00:00 UTC,0.01309058979320444,19803814.624307286,2418897.856919979
2019-12-31 00:00:00 UTC,0.011126976320422335,16953330.23361225,2702438.2760742637
2020-01-01 00:00:00 UTC,0.010224201212810409,19852758.6379392,2376819.472251359
2020-01-02 00:00:00 UTC,0.010300867757896867,19963620.926689222,1917176.9144327631
2020-01-03 00:00:00 UTC,0.010077358924666307,19494402.41817173,1689575.1744687066
2020-01-04 00:00:00 UTC,0.010379162965216779,20164091.21827738,980792.4171340076
2020-01-05 00:00:00 UTC,0.011111162119030488,21557864.053482033,2621999.416715054
2020-01-06 00:00:00 UTC,0.011528205476564286,22405749.964255515,3382955.49305512
2020-01-07 00:00:00 UTC,0.011076408669331461,21532418.920176417,1795981.6314126141
2020-01-08 00:00:00 UTC,0.010645455138500012,20805287.83983009,1677199.7793832636
2020-01-09 00:00:00 UTC,0.01020128188631971,19841843.696504965,1129825.8385155115
2020-01-10 00:00:00 UTC,0.010093457964821322,19625007.066496707,1094521.2505302634
2020-01-11 00:00:00 UTC,0.010681298940606614,20601217.895298734,1794320.2693131296
2020-01-12 00:00:00 UTC,0.011370072279548586,21989039.17764542,1167321.3978455768
2020-01-13 00:00:00 UTC,0.01098073363947108,21327323.539400533,763501.8791671519
2020-01-14 00:00:00 UTC,0.010487594968021945,20328195.967436038,622074.5436945164
2020-01-15 00:00:00 UTC,0.0102545251944781,19888930.40014602,1430703.1359212657
2020-01-16 00:00:00 UTC,0.010415916054290535,20225507.886051618,1284378.742815974
2020-01-17 00:00:00 UTC,0.011530526770978884,22298970.356434073,1538866.6411212941
2020-01-18 00:00:00 UTC,0.011532895606134698,23244372.420624625,1837483.3512372305
2020-01-19 00:00:00 UTC,0.011874426358034578,23934981.775239922,1119569.5817665078
2020-01-20 00:00:00 UTC,0.010840148822222985,21776597.67646956,1128925.0782856394
2020-01-21 00:00:00 UTC,0.010540540429943375,21205295.014758527,403883.42331760505
2020-01-22 00:00:00 UTC,0.010410278694475686,20850150.25017946,587308.0951447026
2020-01-23 00:00:00 UTC,0.010731175230084222,21505866.311395165,954266.5285679572
2020-01-24 00:00:00 UTC,0.010202853861826944,21179627.64688308,685183.0968685539
2020-01-25 00:00:00 UTC,0.011069466068220677,23000950.904283978,938020.8092229458
2020-01-26 00:00:00 UTC,0.012075370227167403,25058589.27897578,2695288.8976247697
2020-01-27 00:00:00 UTC,0.011667671396892737,24201000.66301814,1564564.8326121955
2020-01-28 00:00:00 UTC,0.011361495407571837,23626575.95535279,1389718.105346376
2020-01-29 00:00:00 UTC,0.011471094746590436,23905947.11803108,1195426.060008963
2020-01-30 00:00:00 UTC,0.011568631155736078,24115242.02270768,745246.5242748801
2020-01-31 00:00:00 UTC,0.011950511931756665,24734323.095272318,656498.0144382815
2020-02-01 00:00:00 UTC,0.013151703030393095,27533008.024842862,1282942.1851834161
2020-02-02 00:00:00 UTC,0.013375850890881525,29966413.46940697,1149260.441398812
2020-02-03 00:00:00 UTC,0.01308144508696736,36869017.845035255,862419.4992352673
2020-02-04 00:00:00 UTC,0.015550999842569963,48973252.71355289,3696187.25299477
2020-02-05 00:00:00 UTC,0.018108036080928504,55817202.232049435,11255328.421998445
2020-02-06 00:00:00 UTC,0.022800337370669263,72181273.3851106,11287284.54245044
2020-02-07 00:00:00 UTC,0.020641260469276886,66067858.7167518,7599163.181698471
2020-02-08 00:00:00 UTC,0.02136489224171556,67948210.15181893,4558523.901814389
2020-02-09 00:00:00 UTC,0.018480710678731915,58391710.18494592,3877808.8475440545
2020-02-10 00:00:00 UTC,0.019611428323992045,61936129.22511659,4356409.1444449555
2020-02-11 00:00:00 UTC,0.018897729063278128,59813033.935171954,2138704.317057532
2020-02-12 00:00:00 UTC,0.033871644566848776,107431734.67392448,60999857.37277321
2020-02-13 00:00:00 UTC,0.06932368994721677,221132401.43898714,245374467.65634054
2020-02-14 00:00:00 UTC,0.05457578708447178,171990941.724765,92383801.84931028
2020-02-15 00:00:00 UTC,0.05448749743728182,172905162.94468617,55029682.22110416
2020-02-16 00:00:00 UTC,0.048054946414308845,152207254.3849805,22334331.49201415
2020-02-17 00:00:00 UTC,0.05194036846558556,169351121.2589972,26985696.56460849
2020-02-18 00:00:00 UTC,0.051809274854351425,165419042.60337257,49491346.57431997
2020-02-19 00:00:00 UTC,0.05095234057545117,165963809.66879,15619139.550084468
2020-02-20 00:00:00 UTC,0.04655308722899049,152667945.28573307,13046176.566518422
2020-02-21 00:00:00 UTC,0.046234092815839185,147871262.12318918,10484106.08433441
2020-02-22 00:00:00 UTC,0.04632398708688511,149613497.69103184,10870392.652925773
2020-02-23 00:00:00 UTC,0.045487352427503784,147119612.6941288,8460662.47711497
2020-02-24 00:00:00 UTC,0.04275046665859108,141808273.3437385,10362277.810817102
2020-02-25 00:00:00 UTC,0.03803505023393551,125700918.75277197,10022815.770442637
2020-02-26 00:00:00 UTC,0.035673695150589664,117842067.16795574,9440738.650044626
2020-02-27 00:00:00 UTC,0.03269118632484816,107609453.78477244,10430061.623411011
2020-02-28 00:00:00 UTC,0.035821596606967904,117577133.35267746,13414761.208678868
2020-02-29 00:00:00 UTC,0.035514949915287655,118651944.30562295,10122044.042088838
2020-03-01 00:00:00 UTC,0.034508566521258,115042803.26029299,7264831.798349558
2020-03-02 00:00:00 UTC,0.03439214247540656,116018339.0826242,5854067.847203262
2020-03-03 00:00:00 UTC,0.03849068414318305,129049501.12330873,11942248.34685155
2020-03-04 00:00:00 UTC,0.04139971196277588,139410287.009269,8628223.881221052
2020-03-05 00:00:00 UTC,0.041570766371304455,140304635.32029325,10720672.461684655
2020-03-06 00:00:00 UTC,0.04564766470486735,154567874.08533424,13623533.526114725
2020-03-07 00:00:00 UTC,0.05839279336399273,194240184.55113694,41499425.06926135
2020-03-08 00:00:00 UTC,0.0560445866688133,189433562.35712498,39298066.23624297
2020-03-09 00:00:00 UTC,0.05040665433619669,168693161.0342976,32778179.095868766
2020-03-10 00:00:00 UTC,0.045268598473720854,153793437.5955552,27462369.099283077
2020-03-11 00:00:00 UTC,0.04493992648268682,153573120.48435214,23057997.970268156
2020-03-12 00:00:00 UTC,0.04815136710369305,162718424.99437135,58105496.01478238
2020-03-13 00:00:00 UTC,0.02666230042942818,85917455.748436,37560661.827678144
2020-03-14 00:00:00 UTC,0.03565841254499474,119928778.5872097,52895245.3089978
2020-03-15 00:00:00 UTC,0.042267020867963294,141433403.06339842,112392010.69295095
2020-03-16 00:00:00 UTC,0.040745934703676046,137966129.15352148,38783830.114981934
2020-03-17 00:00:00 UTC,0.036502140077124476,124208802.31135915,39311892.06876917
2020-03-18 00:00:00 UTC,0.03787188170208677,130601792.99796565,26319670.75580856
2020-03-19 00:00:00 UTC,0.036440081477639906,125234393.99421978,26621879.232509736
2020-03-20 00:00:00 UTC,0.04058173469671579,137451078.64090827,48920607.017278135
2020-03-21 00:00:00 UTC,0.038108912236177,130602577.99170661,31842941.51967833
2020-03-22 00:00:00 UTC,0.036950559882604796,127039549.40593264,15076377.992096169
2020-03-23 00:00:00 UTC,0.03360743735151037,115473741.15773049,14379567.993811537
2020-03-24 00:00:00 UTC,0.03415548309273033,129589111.08579256,25540993.870480184
2020-03-25 00:00:00 UTC,0.033694343984459946,129133534.69016992,16230166.946247853
2020-03-26 00:00:00 UTC,0.03297184511932298,124920131.56433989,7525097.948635111
2020-03-27 00:00:00 UTC,0.03413696387313145,130681109.54116741,4506732.1403438235
2020-03-28 00:00:00 UTC,0.03211791848060551,121659454.17593686,9593266.052976536
2020-03-29 00:00:00 UTC,0.03106457947907603,118413163.60846905,8783854.804234274
2020-03-30 00:00:00 UTC,0.030884708742295142,117997981.36399664,10727933.19895264
2020-03-31 00:00:00 UTC,0.03167408017305874,120882258.62162127,7843030.659031002
2020-04-01 00:00:00 UTC,0.03189173753272652,121625755.58876117,7265689.837454793
2020-04-02 00:00:00 UTC,0.03243372929376741,125089443.54327723,9542678.288920024
2020-04-03 00:00:00 UTC,0.03332038096857369,128999427.7928823,12057990.718892511
2020-04-04 00:00:00 UTC,0.03371563255801794,130442288.60237285,11194226.201110892
2020-04-05 00:00:00 UTC,0.03331522764234484,129543143.62240623,8802977.305798732
2020-04-06 00:00:00 UTC,0.033081295289498124,128010789.79923414,5403371.775112373
2020-04-07 00:00:00 UTC,0.03462823149540046,134013473.45392181,8690906.61767484
2020-04-08 00:00:00 UTC,0.03423142783935417,130173596.36260484,10198934.618332224
2020-04-09 00:00:00 UTC,0.03370295085038409,131165821.59702124,7830298.904592305
2020-04-10 00:00:00 UTC,0.03654963398133751,141466716.6716048,11848636.331348097
2020-04-11 00:00:00 UTC,0.03289700482126201,127528758.26730107,19772708.64537341
2020-04-12 00:00:00 UTC,0.032879997445564295,127636613.19711196,6781600.089965853
2020-04-13 00:00:00 UTC,0.033285797529323674,130590283.68481767,6739718.453946791
2020-04-14 00:00:00 UTC,0.03250105782730095,126325045.61016129,5702246.2814224325
2020-04-15 00:00:00 UTC,0.03302615592992152,128345264.43366092,4334315.280808701
2020-04-16 00:00:00 UTC,0.03213609832642424,124450990.56607279,4005007.216914456
2020-04-17 00:00:00 UTC,0.032741307090513906,127293232.8629773,6180486.7260062555
2020-04-18 00:00:00 UTC,0.032466243835340726,127300979.54872148,5335194.490959564
2020-04-19 00:00:00 UTC,0.03408745742979474,133757930.3548673,9386043.60239685
2020-04-20 00:00:00 UTC,0.03285495053219567,128597486.31568886,5442297.731469192
2020-04-21 00:00:00 UTC,0.030925938041161845,121844301.33037293,6586084.9429305
2020-04-22 00:00:00 UTC,0.031011029452645382,121118755.04351959,4780765.182388604
2020-04-23 00:00:00 UTC,0.03256522824585931,127478320.48129147,6988395.674716506
2020-04-24 00:00:00 UTC,0.032507940051396796,129574133.74512148,8445368.068257656
2020-04-25 00:00:00 UTC,0.03291391951149617,130908332.45819518,6718348.015582203
2020-04-26 00:00:00 UTC,0.0331220575780935,131733499.82576652,5412148.582599221
2020-04-27 00:00:00 UTC,0.03418638305147946,136126251.93774045,7030261.132504799
2020-04-28 00:00:00 UTC,0.034018295394316535,135529068.058801,7447790.248958665
2020-04-29 00:00:00 UTC,0.03366968320809007,134281335.68303782,6015740.444364741
2020-04-30 00:00:00 UTC,0.035078753830380074,140169282.86375427,10811432.160051087
2020-05-01 00:00:00 UTC,0.03532749471688246,141171634.5978613,12165879.100447295
2020-05-02 00:00:00 UTC,0.04204424792832409,172085721.18694466,43744096.02127388
2020-05-03 00:00:00 UTC,0.04373840648190568,178970384.11159354,41616777.06686663
2020-05-04 00:00:00 UTC,0.03932335438659145,159392063.40523738,19194334.44527041
2020-05-05 00:00:00 UTC,0.041639465146177085,168070175.91264415,24859708.469001953
2020-05-06 00:00:00 UTC,0.0401901297857354,164006831.7766652,16523048.81084175
2020-05-07 00:00:00 UTC,0.038644834169570805,160034984.73124728,11212565.639152415
2020-05-08 00:00:00 UTC,0.039582415155528766,161399880.65533227,11030878.244843816
2020-05-09 00:00:00 UTC,0.03938396510096816,161437531.9483145,10861745.588806763
2020-05-10 00:00:00 UTC,0.03899978552679277,159241609.05415195,8615938.82642581
2020-05-11 00:00:00 UTC,0.034345008843286694,139893350.96815577,10421978.684954666
2020-05-12 00:00:00 UTC,0.033767179703819095,137758648.02217025,10539021.925959805
2020-05-13 00:00:00 UTC,0.03532779138867604,144250668.65318426,9134504.93560022
2020-05-14 00:00:00 UTC,0.035581834123397146,145044910.666589,8596407.429980697
2020-05-15 00:00:00 UTC,0.037903564428801176,154607526.36486474,12597744.98402112
2020-05-16 00:00:00 UTC,0.03579285954869342,146366241.24523652,10388890.16050516
2020-05-17 00:00:00 UTC,0.03594175356010037,146559141.74606612,6735009.979738306
2020-05-18 00:00:00 UTC,0.03593837350834843,148473615.96408984,5365946.604645192
2020-05-19 00:00:00 UTC,0.03612046201387362,149856534.3801631,8737016.71175321
2020-05-20 00:00:00 UTC,0.036086857587807095,149327040.24024737,8514553.295056988
2020-05-21 00:00:00 UTC,0.03822488388285368,158174170.74525985,18965879.641533192
2020-05-22 00:00:00 UTC,0.03601802795268122,152060383.81763068,12854921.778715527
2020-05-23 00:00:00 UTC,0.038966193421859904,162245066.06467977,14766956.417291349
2020-05-24 00:00:00 UTC,0.03676236373583464,162531903.17130658,11937634.763240337
2020-05-25 00:00:00 UTC,0.03787666005297356,166787982.8009457,15884508.298199384
2020-05-26 00:00:00 UTC,0.03946797680874104,173547798.84158745,18969730.162335336
2020-05-27 00:00:00 UTC,0.044739152510765594,198813694.2464948,65427687.084390186
2020-05-28 00:00:00 UTC,0.04874442375315582,214643638.04023176,45670397.18785038
2020-05-29 00:00:00 UTC,0.04517767642626063,197901650.32346085,43400147.17940897
2020-05-30 00:00:00 UTC,0.045033871673401095,198356580.26531368,21937116.87710623
2020-05-31 00:00:00 UTC,0.04557099404776262,200368226.0871139,13978107.621734183
2020-06-01 00:00:00 UTC,0.04409614473873607,190208318.57936513,14863153.16831147
2020-06-02 00:00:00 UTC,0.04367560017864433,195504629.7007953,17389705.253984865
2020-06-03 00:00:00 UTC,0.042718974128390624,191570719.2170128,16155214.261408225
2020-06-04 00:00:00 UTC,0.04329303619779666,194445667.8915158,13817935.721553525
2020-06-05 00:00:00 UTC,0.04388056073814706,196921750.62873286,12432908.214320514
2020-06-06 00:00:00 UTC,0.044039097452125434,198195665.14152434,7924287.565821216
2020-06-07 00:00:00 UTC,0.04406894570836631,197371655.62787578,5719985.7157933675
2020-06-08 00:00:00 UTC,0.04383056769261886,196754903.09766215,6762736.802379367
2020-06-09 00:00:00 UTC,0.04404377788376749,197790297.82564703,4718119.509359085
2020-06-10 00:00:00 UTC,0.04345550562431955,195162115.59916782,5171174.251436354
2020-06-11 00:00:00 UTC,0.04506265349907186,201848628.8224175,7108947.324002511
2020-06-12 00:00:00 UTC,0.0401269737615735,179730494.62122276,10965485.19015112
2020-06-13 00:00:00 UTC,0.04215396072076747,189528440.1884064,9332704.327455213
2020-06-14 00:00:00 UTC,0.042385138386172604,190144704.9735151,6159235.985395679
2020-06-15 00:00:00 UTC,0.04098719107177788,184038916.42018986,5879566.416810385
2020-06-16 00:00:00 UTC,0.04071911416267112,183065062.22759756,7663139.624770716
2020-06-17 00:00:00 UTC,0.0415811522243368,186586908.7385739,8453679.862554466
2020-06-18 00:00:00 UTC,0.04259587955367833,192441673.03213805,8203003.844003027
2020-06-19 00:00:00 UTC,0.04546438085232287,205817480.95741996,42163052.61373165
2020-06-20 00:00:00 UTC,0.04418044153703822,199091398.47221437,11864346.273915607
2020-06-21 00:00:00 UTC,0.043835716128911476,197295805.0680178,7789595.467774632
2020-06-22 00:00:00 UTC,0.04344858193726396,196166018.59761867,4899758.670921868
2020-06-23 00:00:00 UTC,0.04383259468841079,197741981.9400845,7129136.4721743865
2020-06-24 00:00:00 UTC,0.042117504773414596,196427108.65494508,10026150.53825343
2020-06-25 00:00:00 UTC,0.041600230071347416,194014305.37214804,6391023.698851589
2020-06-26 00:00:00 UTC,0.04070184411618744,190732484.95837405,6658093.303708158
2020-06-27 00:00:00 UTC,0.03941238007981363,184112229.9829441,8138622.7301155245
2020-06-28 00:00:00 UTC,0.037302836474363166,177468973.40456408,6298542.379757287
2020-06-29 00:00:00 UTC,0.03830940847334739,179492339.48367828,8957466.308372864
2020-06-30 00:00:00 UTC,0.038440706279595706,179876980.82815927,4568123.294187393
2020-07-01 00:00:00 UTC,0.038395988133932205,179729168.18543762,5226776.367419197
2020-07-02 00:00:00 UTC,0.03883559390448888,184843974.66026202,5349212.821171409
2020-07-03 00:00:00 UTC,0.0379551902864329,180073131.89380813,4412121.775309482
2020-07-04 00:00:00 UTC,0.03969082526053622,188443513.8800263,8057420.109537469
2020-07-05 00:00:00 UTC,0.041206074004237515,195705255.74649465,9062254.882364903
2020-07-06 00:00:00 UTC,0.0395479766803188,187066840.4811509,7490821.9415818555
2020-07-07 00:00:00 UTC,0.04022886216548537,190942329.10465476,8309300.16284443
2020-07-08 00:00:00 UTC,0.04053555631818759,192386158.27676103,7503385.019626507
2020-07-09 00:00:00 UTC,0.04193822291644519,198858510.4046725,7748110.165237775
2020-07-10 00:00:00 UTC,0.0406826706339838,193308815.3341653,10110130.324214585
2020-07-11 00:00:00 UTC,0.04121271433218762,195859349.13901663,8045438.5187976835
2020-07-12 00:00:00 UTC,0.04137757983244713,197095812.78775313,6561183.7755942475
2020-07-13 00:00:00 UTC,0.04270353060181469,202767736.1111759,10872477.331219949
2020-07-14 00:00:00 UTC,0.04113000093555449,194920089.28038958,13080980.581496714
2020-07-15 00:00:00 UTC,0.04073065769606617,193264816.33722493,7601153.68639304
2020-07-16 00:00:00 UTC,0.04051209586947894,192584080.81147757,6663772.498246315
2020-07-17 00:00:00 UTC,0.038991943763155845,185432267.70557228,7984365.548696719
2020-07-18 00:00:00 UTC,0.039579695088234855,188438524.01868767,4798769.908694098
2020-07-19 00:00:00 UTC,0.03992889371065007,190636961.12824082,3990474.490304781
2020-07-20 00:00:00 UTC,0.03993831353452778,191257405.4157533,4633667.618594026
2020-07-21 00:00:00 UTC,0.040720893041730655,195343866.3940183,9608041.508354995
2020-07-22 00:00:00 UTC,0.04151103586647801,197909130.25584075,9999785.502614085
2020-07-23 00:00:00 UTC,0.04210126276421238,201470277.29631692,11641830.317802552
2020-07-24 00:00:00 UTC,0.042254176254780354,208828001.79275033,14335146.66225321
2020-07-25 00:00:00 UTC,0.04276383793016253,211438028.20904872,8673554.644515991
2020-07-26 00:00:00 UTC,0.04286699973945264,211765507.2189806,7123203.503911458
2020-07-27 00:00:00 UTC,0.04105652666532136,202903124.91648677,9985469.24519396
2020-07-28 00:00:00 UTC,0.040019864994407364,198237060.22802958,13539042.03282641
2020-07-29 00:00:00 UTC,0.04234747541936364,209657370.0102752,16166229.132780395
2020-07-30 00:00:00 UTC,0.043667411264589714,215674900.0964167,17211377.890208617
2020-07-31 00:00:00 UTC,0.04261829520579104,210839841.66944674,15780720.77475448
2020-08-01 00:00:00 UTC,0.044297445565539426,218422818.2119713,21317547.052461743
2020-08-02 00:00:00 UTC,0.04571874987217471,236616253.46950927,19075955.8467323
2020-08-03 00:00:00 UTC,0.04386469989479339,221496487.72834203,21527528.540846214
2020-08-04 00:00:00 UTC,0.04492925812965089,220559561.89089623,11282386.378408626
2020-08-05 00:00:00 UTC,0.0430958809959138,216692414.24111372,11008468.908236433
2020-08-06 00:00:00 UTC,0.04339497332687489,218413174.62582502,8286117.614023006
2020-08-07 00:00:00 UTC,0.04423838870926114,223025132.70569465,10932832.867562348
2020-08-08 00:00:00 UTC,0.04359905131420364,219361265.9085292,14150357.27321091
2020-08-09 00:00:00 UTC,0.044918513412207,225712587.39189327,8256889.774510026
2020-08-10 00:00:00 UTC,0.0449223905492259,226359277.37661752,11148191.66961056
2020-08-11 00:00:00 UTC,0.0525443648201242,264051037.31301403,45187216.58629679
2020-08-12 00:00:00 UTC,0.051567245248720604,259364838.25233415,63755169.62343661
2020-08-13 00:00:00 UTC,0.05217182450439849,263397936.40533644,26962762.69238332
2020-08-14 00:00:00 UTC,0.05065322521271644,255247791.1644669,20488809.71077163
2020-08-15 00:00:00 UTC,0.05378843333139903,272398589.8312624,20045994.115842827
2020-08-16 00:00:00 UTC,0.05229964418417106,263658025.2019563,13429970.621126007
2020-08-17 00:00:00 UTC,0.05336839728144471,268391140.50782257,10938619.131281795
2020-08-18 00:00:00 UTC,0.05610830674179964,282432085.1687823,29344999.97613531
2020-08-19 00:00:00 UTC,0.05291179572730473,267464299.7267337,25500592.385941353
2020-08-20 00:00:00 UTC,0.05012034799080861,252752477.51370448,13426667.19907596
2020-08-21 00:00:00 UTC,0.05203433907918149,262059035.34874475,9338636.240785472
2020-08-22 00:00:00 UTC,0.048894991154721144,246878310.8029714,12303215.14185994
2020-08-23 00:00:00 UTC,0.04983244742955476,251513144.41880804,9683311.401736742
2020-08-24 00:00:00 UTC,0.048731456741006485,254064962.64771184,6300121.251715407
2020-08-25 00:00:00 UTC,0.04962291576184575,258612716.94670182,8998159.545433236
2020-08-26 00:00:00 UTC,0.046603473436291516,242622486.54110408,14125588.917378971
2020-08-27 00:00:00 UTC,0.04642838069743724,242228736.51186308,15751150.117881147
2020-08-28 00:00:00 UTC,0.043957012978031326,230138630.06115076,15625112.170985552
2020-08-29 00:00:00 UTC,0.04494298899968745,234392191.79162392,11075798.495851653
2020-08-30 00:00:00 UTC,0.04547061470763855,236160862.50482398,13327184.457110602
2020-08-31 00:00:00 UTC,0.04698196776989387,245179307.9214582,10612287.054114405
2020-09-01 00:00:00 UTC,0.045577829879995944,237473130.23977435,10078887.546450188
2020-09-02 00:00:00 UTC,0.04530387782317805,240260116.64221138,10946344.050952332
2020-09-03 00:00:00 UTC,0.04267721173870327,225558078.14896393,8549435.18098303
2020-09-04 00:00:00 UTC,0.03900153936341749,208489182.2800457,9823912.980942488
2020-09-05 00:00:00 UTC,0.039125326570744245,211284654.18153036,8556197.358509976
2020-09-06 00:00:00 UTC,0.03646551250305115,193398416.91446555,7659339.847454973
2020-09-07 00:00:00 UTC,0.03668817637822,194001419.39521518,4888141.298582068
2020-09-08 00:00:00 UTC,0.03683194526605991,194793234.43849853,4390944.075000915
2020-09-09 00:00:00 UTC,0.03635027866702997,191870459.33830896,4955687.093973862
2020-09-10 00:00:00 UTC,0.0372619230896579,196564458.27381194,2490637.760892048
2020-09-11 00:00:00 UTC,0.03891254089483408,205407821.41619143,4777157.03009519
2020-09-12 00:00:00 UTC,0.03846784077510656,203453225.49254388,2804344.4210747243
2020-09-13 00:00:00 UTC,0.038521958167254525,202993141.33357292,2353314.7517094417
2020-09-14 00:00:00 UTC,0.037092694403394036,195761558.29181972,2602889.2335268953
2020-09-15 00:00:00 UTC,0.03740314463752136,197720836.69983184,2422537.3832735238
2020-09-16 00:00:00 UTC,0.03592747464820237,190004424.6821546,3072470.654787823
2020-09-17 00:00:00 UTC,0.03614943749317438,191872213.53836846,2923659.173589887
2020-09-18 00:00:00 UTC,0.03453819837312999,183599558.08152828,6709583.645920827
2020-09-19 00:00:00 UTC,0.03449137485344412,183229090.05978575,3407192.055754669
2020-09-20 00:00:00 UTC,0.034481886159711976,183284895.97542796,1498219.0721650464
2020-09-21 00:00:00 UTC,0.03362332300873454,178419098.46553427,2245845.230749428
2020-09-22 00:00:00 UTC,0.0317513097684366,168903548.7333423,4189189.646831874
2020-09-23 00:00:00 UTC,0.03208721534277058,170392795.04991522,3009829.0910761487
2020-09-24 00:00:00 UTC,0.029618242976058556,162631932.93372458,3702383.7017498603
2020-09-25 00:00:00 UTC,0.03202481110297542,175976481.91381505,3070123.265039685
2020-09-26 00:00:00 UTC,0.03228588883086907,177742564.3127572,3123654.8947861725
2020-09-27 00:00:00 UTC,0.03225140093129649,177338605.4893064,2515708.0711610396
2020-09-28 00:00:00 UTC,0.031488241655754576,173341576.7399575,2292247.7121089776
2020-09-29 00:00:00 UTC,0.03188008210564044,175489523.75424245,4540520.662444091
2020-09-30 00:00:00 UTC,0.031982032167386217,175757661.05379534,2502539.586212158
2020-10-01 00:00:00 UTC,0.031736680799602006,174649037.2666282,2092520.2218280686
2020-10-02 00:00:00 UTC,0.031079981316228578,172758521.26220912,2612506.825147528
2020-10-03 00:00:00 UTC,0.030465779584247368,169197106.16634184,2727107.755551055
2020-10-04 00:00:00 UTC,0.03096459813499248,172498146.26148814,1637654.2582918883
2020-10-05 00:00:00 UTC,0.03099118949332326,172843351.67613986,1413324.5679144298
2020-10-06 00:00:00 UTC,0.031203348863126507,174079647.581521,2115042.3681965442
2020-10-07 00:00:00 UTC,0.029977288992807955,167449909.19958836,2464497.7540979343
2020-10-08 00:00:00 UTC,0.030379684255619703,169619804.52015063,1479076.662494755
2020-10-09 00:00:00 UTC,0.032109013342601654,178949423.0024049,7075973.653103114
2020-10-10 00:00:00 UTC,0.034328228082303965,191521998.85130295,10298844.916839883
2020-10-11 00:00:00 UTC,0.03426584260172632,191558096.52191925,4133695.6432867297
2020-10-12 00:00:00 UTC,0.033989153260212755,189507224.54563117,2754799.8241296452
2020-10-13 00:00:00 UTC,0.03434863483425695,192147676.0192012,2799326.9695419334
2020-10-14 00:00:00 UTC,0.034114498909576095,190467994.1371258,3344661.2239786866
2020-10-15 00:00:00 UTC,0.03486698661625053,194532533.34527156,2788400.0977156055
2020-10-16 00:00:00 UTC,0.033594834478142065,186983427.9543853,2744352.9226569138
2020-10-17 00:00:00 UTC,0.03152017554983286,176291881.29659188,3707178.7660408467
2020-10-18 00:00:00 UTC,0.03144961803312646,177802360.35730374,1974249.6463993562
2020-10-19 00:00:00 UTC,0.031521326720155986,178092257.92916203,1204696.8528037637
2020-10-20 00:00:00 UTC,0.03156117871619174,178141673.24360034,1607913.3582789083
2020-10-21 00:00:00 UTC,0.03027269601979033,170798605.8865656,2353839.519796398
2020-10-22 00:00:00 UTC,0.031221368223725295,177358139.25319064,3261122.723127377
2020-10-23 00:00:00 UTC,0.03243538958218982,182812494.66046178,4755206.100659923
2020-10-24 00:00:00 UTC,0.033028657307379014,191269507.57956368,4885603.562504142
2020-10-25 00:00:00 UTC,0.032648154528981656,189608030.21673244,2141246.228329642
2020-10-26 00:00:00 UTC,0.03227451770705532,187515474.62229282,2092330.7503586092
2020-10-27 00:00:00 UTC,0.03079603982844275,179482142.75100365,2861999.2809689296
2020-10-28 00:00:00 UTC,0.03116996223570636,179895195.95256698,2668084.9068787806
2020-10-29 00:00:00 UTC,0.030025701427279027,174385002.56406364,2002878.8938893517
2020-10-30 00:00:00 UTC,0.029523605963402037,171404045.23176748,3411671.646638216
2020-10-31 00:00:00 UTC,0.029362011741666496,170670907.57227767,2457762.915815
2020-11-01 00:00:00 UTC,0.029112829537007515,169054781.42104897,1316296.9438902803
2020-11-02 00:00:00 UTC,0.029284396905681104,175915828.4346452,1206003.2281636393
2020-11-03 00:00:00 UTC,0.030002543429702527,180348159.56838205,6320794.056746865
2020-11-04 00:00:00 UTC,0.028532088543806997,171639763.01268852,2358623.88903296
2020-11-05 00:00:00 UTC,0.028611687679962687,171985020.68670186,1945182.0614282468
2020-11-06 00:00:00 UTC,0.02941876884528952,177432560.01632583,2500314.7170731034
2020-11-07 00:00:00 UTC,0.031249272438231016,188045355.98800483,3869184.1037764386
2020-11-08 00:00:00 UTC,0.02987043800944197,179790069.50163463,4323625.947715443
2020-11-09 00:00:00 UTC,0.030442300536636203,183074872.18539807,1708234.5765212025
2020-11-10 00:00:00 UTC,0.03113691932226158,184642118.9706879,2507427.616051814
2020-11-11 00:00:00 UTC,0.03131145392795704,188056687.5029489,5146447.334978609
2020-11-12 00:00:00 UTC,0.03311259831297001,198788355.23892254,15473745.3447235
2020-11-13 00:00:00 UTC,0.03105483067612491,187221252.03661996,4484888.351125335
2020-11-14 00:00:00 UTC,0.032214520985740194,194140545.7505372,2893749.3509939406
2020-11-15 00:00:00 UTC,0.03188530824020888,191636423.0595732,5159608.9365513995
2020-11-16 00:00:00 UTC,0.03131768271843615,188228948.93707702,2447420.634427616
2020-11-17 00:00:00 UTC,0.03182751769381136,191479120.70990172,2648426.1294799335
2020-11-18 00:00:00 UTC,0.030986275847356734,187843241.19983634,5849110.511313877
2020-11-19 00:00:00 UTC,0.030363096878053053,184122456.1700987,6271009.001125683
2020-11-20 00:00:00 UTC,0.03015321908245545,183237118.16020802,2896216.594115739
2020-11-21 00:00:00 UTC,0.0306067632374491,197129213.05171657,2823811.765207529
2020-11-22 00:00:00 UTC,0.03273048465748816,197907670.39251658,7210070.969940226
2020-11-23 00:00:00 UTC,0.03367858981741091,204116751.5941331,7411621.624447623
2020-11-24 00:00:00 UTC,0.03488492886915501,216022422.781897,9563088.470444089
2020-11-25 00:00:00 UTC,0.03625382417936552,226130457.50618774,18653782.391639657
2020-11-26 00:00:00 UTC,0.03596382605610601,223588452.1896804,12323920.876405977
2020-11-27 00:00:00 UTC,0.032767751096821736,203574762.82555723,13284104.440768236
2020-11-28 00:00:00 UTC,0.03353788250885518,208978828.82893294,5791059.104714101
2020-11-29 00:00:00 UTC,0.03399649874691537,211237223.15837583,4227364.444301864
2020-11-30 00:00:00 UTC,0.033648895096620675,209178314.02411062,3262297.6819261434
2020-12-01 00:00:00 UTC,0.03438912939283878,214362279.54748473,7554112.788793392
2020-12-02 00:00:00 UTC,0.034524191953700156,219399159.26999012,9845953.844369063
2020-12-03 00:00:00 UTC,0.03791413525336124,242607060.44259897,23300306.92101682
2020-12-04 00:00:00 UTC,0.038982913955462564,249723778.65049997,15699750.883631496
2020-12-05 00:00:00 UTC,0.035645997562555216,227571930.81926325,6529743.36172365
2020-12-06 00:00:00 UTC,0.03727348777543874,237112252.84083334,5884566.2023297995
2020-12-07 00:00:00 UTC,0.036995680022986546,236245044.18134996,3208979.636040263
2020-12-08 00:00:00 UTC,0.039561014799036016,253388615.68420428,13604835.319732193
2020-12-09 00:00:00 UTC,0.03636177480712534,232413600.25705665,6896110.264820851
2020-12-10 00:00:00 UTC,0.03658637490570047,234327123.05121875,7012630.904549183
2020-12-11 00:00:00 UTC,0.03577608268550537,228566132.99044886,5546189.114441874
2020-12-12 00:00:00 UTC,0.03328820640135418,213047359.82296568,5911480.5387453465
2020-12-13 00:00:00 UTC,0.03480416129012342,222176875.30708316,4304219.663933977
2020-12-14 00:00:00 UTC,0.034907025461679564,222573148.0816323,3358188.7299157344
2020-12-15 00:00:00 UTC,0.03452347908540728,220465241.68243963,3088642.138961689
2020-12-16 00:00:00 UTC,0.034630814915572364,221129239.4888314,3760133.8393594385
2020-12-17 00:00:00 UTC,0.03518273932052577,225338983.03110155,7506821.186889219
2020-12-18 00:00:00 UTC,0.03467852794762045,223381378.906689,11252705.229690516
2020-12-19 00:00:00 UTC,0.035453057969170254,227589736.3898327,9307872.731028106
2020-12-20 00:00:00 UTC,0.03576916870695239,229609846.1298265,13201871.315372322
2020-12-21 00:00:00 UTC,0.036986266907392186,239295541.79915315,14835926.835026773
2020-12-22 00:00:00 UTC,0.036709147016397284,236079292.42170957,21680426.71242319
2020-12-23 00:00:00 UTC,0.03711023687742066,238095353.26549146,16306639.663845282
2020-12-24 00:00:00 UTC,0.030621773059428658,205695873.54859513,13399335.187010571
2020-12-25 00:00:00 UTC,0.03313384141406273,219708840.48956105,9059176.169874365
2020-12-26 00:00:00 UTC,0.0323769691433083,212183960.8356971,7454087.790533745
2020-12-27 00:00:00 UTC,0.03250230702682422,213955846.6633037,6559580.165481742
2020-12-28 00:00:00 UTC,0.03189003405156422,211058001.90763837,9259839.416061012
2020-12-29 00:00:00 UTC,0.03401562121537536,224548193.33875754,15609608.452354446
2020-12-30 00:00:00 UTC,0.0328771339882755,216108984.40792486,10595513.42905442
2020-12-31 00:00:00 UTC,0.03268812671761248,215679998.42959294,7981192.036366182
2021-01-01 00:00:00 UTC,0.03192042990554817,210675131.65030494,5104654.652857307
2021-01-02 00:00:00 UTC,0.03310325182467262,223019620.24925745,10290073.194221437
2021-01-03 00:00:00 UTC,0.033492441807176164,227112267.33461905,10395813.130796107
2021-01-04 00:00:00 UTC,0.03335453919130654,229056151.35709226,11018438.267490158
2021-01-05 00:00:00 UTC,0.03246782097283608,219456931.1943363,15043994.868128963
2021-01-06 00:00:00 UTC,0.03793118844625475,257377092.6118197,62093690.62782882
2021-01-07 00:00:00 UTC,0.038782140537840855,261911024.35372752,49376427.305448994
2021-01-08 00:00:00 UTC,0.038953986170491846,261502708.22815326,45477882.948849976
2021-01-09 00:00:00 UTC,0.062222706199075356,417452348.56704724,426191032.425873
2021-01-10 00:00:00 UTC,0.0518901612735221,351086503.9186216,107906834.19442941
2021-01-11 00:00:00 UTC,0.04981780509033178,336553113.5752076,60952843.825885996
2021-01-12 00:00:00 UTC,0.0434955512673859,295125277.59753495,39178756.71116037
2021-01-13 00:00:00 UTC,0.04675037608974958,316433372.3931572,40580482.774766296
2021-01-14 00:00:00 UTC,0.053226180726098006,361688863.4519635,53633796.129984215
2021-01-15 00:00:00 UTC,0.05709522050113493,382876774.29453087,74784999.7003303
2021-01-16 00:00:00 UTC,0.05508748844563264,370460953.47237295,41870482.440725006
2021-01-17 00:00:00 UTC,0.059750932306747745,409129705.84425545,88581958.7440586
2021-01-18 00:00:00 UTC,0.061136268278186835,416633534.9389981,76832898.9360891
2021-01-19 00:00:00 UTC,0.06443868905258364,434751463.41687083,51413216.69589271
2021-01-20 00:00:00 UTC,0.07006769244742853,474133893.8683697,79357708.56565294
2021-01-21 00:00:00 UTC,0.10279208510108365,695969383.5068411,749123277.5225568
2021-01-22 00:00:00 UTC,0.09549519263702881,658033748.4221905,430926072.7757632
2021-01-23 00:00:00 UTC,0.09610746813902471,650186320.7426428,246937168.42865932
2021-01-24 00:00:00 UTC,0.09618061223282712,670057967.939738,110815020.7429704
2021-01-25 00:00:00 UTC,0.09379033643593299,651090130.2825193,68732711.84189014
2021-01-26 00:00:00 UTC,0.09174332484403626,638631973.4482638,71426732.65116468
2021-01-27 00:00:00 UTC,0.09065455514683049,629217200.9710594,74491995.8432027
2021-01-28 00:00:00 UTC,0.08062109432449727,557272057.4559212,55320071.045945406
2021-01-29 00:00:00 UTC,0.09179464298020887,638937654.6490558,117914824.00344607
2021-01-30 00:00:00 UTC,0.08693664400342135,604627649.1892451,84215022.38520803
2021-01-31 00:00:00 UTC,0.0810546875276072,564213016.1193473,62638828.66095505
2021-02-01 00:00:00 UTC,0.08198227658824088,557256607.3515441,96525302.66291834
2021-02-02 00:00:00 UTC,0.08770024395759601,621436598.137093,91478220.28749582
2021-02-03 00:00:00 UTC,0.09182753266050961,661111097.866694,124683176.15421784
2021-02-04 00:00:00 UTC,0.09490042888782227,674715946.4310398,81673507.82495144
2021-02-05 00:00:00 UTC,0.08980407692216116,644356785.1302782,67357808.02822803
2021-02-06 00:00:00 UTC,0.09814039312175689,695657806.0414748,79957322.43233794
2021-02-07 00:00:00 UTC,0.10193720178677428,718986608.5183371,130354496.9636237
2021-02-08 00:00:00 UTC,0.09633524049103086,686890382.8868144,76335352.39042975
2021-02-09 00:00:00 UTC,0.10017906327669487,710705483.3512194,67277163.7345518
2021-02-10 00:00:00 UTC,0.104657362601315,748153969.8441501,103888419.85394707
2021-02-11 00:00:00 UTC,0.10749088339732552,770554250.4220605,99652802.86422805
2021-02-12 00:00:00 UTC,0.1343896207275018,956149869.92508,279894653.5537568
2021-02-13 00:00:00 UTC,0.1371715785528197,976114303.5947853,127904942.67008206
2021-02-14 00:00:00 UTC,0.13734468611162268,988166084.1603673,119884643.50240847
2021-02-15 00:00:00 UTC,0.1267856728968043,905450497.3476542,71686094.1452371
2021-02-16 00:00:00 UTC,0.1445221264448145,1029954363.7897265,163284898.49389252
2021-02-17 00:00:00 UTC,0.1373162233040988,982444584.541471,96585261.62080999
2021-02-18 00:00:00 UTC,0.1391487789525723,993677239.4039935,78367406.35662532
2021-02-19 00:00:00 UTC,0.1497614735053025,1069981832.162602,108067774.51025014
2021-02-20 00:00:00 UTC,0.1542418889736911,1094891273.981753,116010305.63758115
2021-02-21 00:00:00 UTC,0.14263247780491517,1013472392.9656596,108097698.5339014
2021-02-22 00:00:00 UTC,0.14769907572947744,1057806696.0341959,91269524.12650228
2021-02-23 00:00:00 UTC,0.13820518072607663,989731812.1283425,123690064.00164583
2021-02-24 00:00:00 UTC,0.11923059425012952,864485418.151848,148418942.5840342
2021-02-25 00:00:00 UTC,0.1291186669672716,945661620.2219827,159167327.9251974
2021-02-26 00:00:00 UTC,0.11871030674999285,891286949.1717527,128380990.90489186
2021-02-27 00:00:00 UTC,0.11947055442963554,879487953.3529094,90062558.53278741
2021-02-28 00:00:00 UTC,0.120461921444801,883385090.320802,51925260.815472424
2021-03-01 00:00:00 UTC,0.11663842138725053,860705808.047814,64877057.81986554
2021-03-02 00:00:00 UTC,0.12543183129970445,938990896.9999173,149289246.9607091
2021-03-03 00:00:00 UTC,0.12377988460955618,928811546.3862544,56321712.935064465
2021-03-04 00:00:00 UTC,0.12827154065139243,964114814.8238552,67822493.16579384
2021-03-05 00:00:00 UTC,0.1619564088631379,1221724888.7845583,558681047.1294694
2021-03-06 00:00:00 UTC,0.14996212485959437,1128820054.8199935,159185257.36666343
2021-03-07 00:00:00 UTC,0.14540034797058235,1096220129.6392481,89740335.74931708
2021-03-08 00:00:00 UTC,0.1528716932344584,1149291091.3774202,86915095.63347507
2021-03-09 00:00:00 UTC,0.17487752291793668,1323204860.193982,264804169.77534834
2021-03-10 00:00:00 UTC,0.20805490471671015,1539421466.1166854,375899323.7118838
2021-03-11 00:00:00 UTC,0.21847282850073094,1645069022.4514406,374751275.96524024
2021-03-12 00:00:00 UTC,0.2690921988853849,2019377243.8698354,690883921.5879449
2021-03-13 00:00:00 UTC,0.27095598750458155,2040201910.3142283,388481470.85166955
2021-03-14 00:00:00 UTC,0.27614589047754395,2053449070.1605766,245220723.50925487
2021-03-15 00:00:00 UTC,0.3683876706017407,2801685264.5850735,1091495697.2660384
2021-03-16 00:00:00 UTC,0.39811368999967534,3029209805.410769,967288778.542118
2021-03-17 00:00:00 UTC,0.34614171466635735,2592363382.555427,555461651.1793578
2021-03-18 00:00:00 UTC,0.36405538101169826,2750224827.6486583,640311670.9712228
2021-03-19 00:00:00 UTC,0.3473715568543999,2622516675.995866,250592647.03236055
2021-03-20 00:00:00 UTC,0.34704254251147126,2620001691.768255,188017672.3692006
2021-03-21 00:00:00 UTC,0.32057699673845913,2430601154.1514115,181114311.7674691
2021-03-22 00:00:00 UTC,0.3448865588136677,2579729228.9534636,217053115.2257018
2021-03-23 00:00:00 UTC,0.3191055870979273,2424285636.866367,216707572.6387085
2021-03-24 00:00:00 UTC,0.3264337699658213,2519655155.467413,189323723.37287903
2021-03-25 00:00:00 UTC,0.3085603803114623,2395422511.421393,176487525.48533726
2021-03-26 00:00:00 UTC,0.3010270607565986,2360968132.2130394,109210811.82962766
2021-03-27 00:00:00 UTC,0.34446167183436416,2655208724.70082,110761994.65893517
2021-03-28 00:00:00 UTC,0.3420342072138396,2645841445.0223656,146966263.8146772
2021-03-29 00:00:00 UTC,0.34319421326527955,2641719466.923042,105449777.06564479
2021-03-30 00:00:00 UTC,0.37755539696910767,2852791336.3356276,754195934.6246734
2021-03-31 00:00:00 UTC,0.3946263007864592,3075166491.0185895,406057657.2871917
2021-04-01 00:00:00 UTC,0.3686393011829175,2863001316.414102,280316413.04839855
2021-04-02 00:00:00 UTC,0.3536339021704083,2799081807.8959775,209045094.01957473
2021-04-03 00:00:00 UTC,0.36481027395425875,2776575966.719794,187776132.899118
2021-04-04 00:00:00 UTC,0.31219938865859714,2561663396.770814,136893288.2597422
2021-04-05 00:00:00 UTC,0.3341723990891673,2653130373.951369,123198986.58288378
2021-04-06 00:00:00 UTC,0.32917017481014255,2606349306.671771,217170614.8180831
2021-04-07 00:00:00 UTC,0.33755508125330635,2592657023.345568,277900929.59695435
2021-04-08 00:00:00 UTC,0.3132212045059783,2487387738.1029468,213725823.6596261
2021-04-09 00:00:00 UTC,0.33445015977158987,2638673138.7845135,147835702.3254944
2021-04-10 00:00:00 UTC,0.3486861392270855,2771168942.901946,271498187.25419855
2021-04-11 00:00:00 UTC,0.3387660254607645,2688764445.594081,165357075.0343718
2021-04-12 00:00:00 UTC,0.366275192494864,2737231164.775709,431384689.06742734
2021-04-13 00:00:00 UTC,0.35629645704336516,2869456977.506342,192652656.10933495
2021-04-14 00:00:00 UTC,0.39993994857808357,3090361996.4048867,223624731.20782974
2021-04-15 00:00:00 UTC,0.3849778116666072,2972153814.8706346,493206991.86701566
2021-04-16 00:00:00 UTC,0.3868323936607179,3056957853.0401673,263494689.37987193
2021-04-17 00:00:00 UTC,0.348809405267741,2768385675.6401553,243343575.53809246
2021-04-18 00:00:00 UTC,0.3500464258638221,2781167676.4450207,200163759.78270778
2021-04-19 00:00:00 UTC,0.3216676482059229,2546701418.2569156,290156856.1048722
2021-04-20 00:00:00 UTC,0.29301328481936545,2316377742.405134,218742318.86843207
2021-04-21 00:00:00 UTC,0.3207464124729584,2577802787.167301,367839331.6312689
2021-04-22 00:00:00 UTC,0.29413313257705986,2388806789.433233,185207011.93801
2021-04-23 00:00:00 UTC,0.2608822860029455,2083062064.090911,179193935.3440491
2021-04-24 00:00:00 UTC,0.2692680677332139,2140139024.096472,310275220.1868773
2021-04-25 00:00:00 UTC,0.24500064364525628,2016188692.8072689,95332415.8419596
2021-04-26 00:00:00 UTC,0.24749160895947414,1994786035.0278118,118506741.74721177
2021-04-27 00:00:00 UTC,0.2866367942141069,2315452763.137595,158479341.2040465
2021-04-28 00:00:00 UTC,0.3046916774496398,2471000039.791819,165386953.55014852
2021-04-29 00:00:00 UTC,0.28894913104273645,2329077480.581651,120041969.45391901
2021-04-30 00:00:00 UTC,0.28801981666265963,2332215838.4251633,166605705.87684295
2021-05-01 00:00:00 UTC,0.30195090278841435,2447556024.381147,112237368.78497669
2021-05-02 00:00:00 UTC,0.3268776460926394,2684561593.599938,171973297.77415657
2021-05-03 00:00:00 UTC,0.33295745288291,2749776251.164733,205396750.65567702
2021-05-04 00:00:00 UTC,0.32736893821580526,2700301268.188375,158419512.2060365
2021-05-05 00:00:00 UTC,0.2802041609262722,2369674858.9247775,164291809.52192765
2021-05-06 00:00:00 UTC,0.3170647928662865,2611839832.175146,167550682.78328365
2021-05-07 00:00:00 UTC,0.2997018484020362,2486721208.7546334,155761132.04484618
2021-05-08 00:00:00 UTC,0.30846882416443594,2541875467.3747344,164195901.1338746
2021-05-09 00:00:00 UTC,0.2995035512841115,2467008620.747119,107026115.35974869
2021-05-10 00:00:00 UTC,0.29336574107228636,2423907404.9807563,115390679.74483319
2021-05-11 00:00:00 UTC,0.2673380877013595,2215969640.857091,162958215.15071836
2021-05-12 00:00:00 UTC,0.2854062079953805,2332531833.30149,116692522.74282539
2021-05-13 00:00:00 UTC,0.24646478961254373,2073193575.235548,112486895.05858669
2021-05-14 00:00:00 UTC,0.33753901502905825,2782237570.6155376,973100828.8665043
2021-05-15 00:00:00 UTC,0.34413813733159904,2830498934.202223,1006402154.7097641
2021-05-16 00:00:00 UTC,0.30635493316725704,2538874499.152464,431373878.6139755
2021-05-17 00:00:00 UTC,0.3286366208385756,2719819702.6276393,553338529.9273398
2021-05-18 00:00:00 UTC,0.2954136973443187,2488561158.6193256,382302069.2222876
2021-05-19 00:00:00 UTC,0.33435672999329463,2770632590.4386888,245513308.1640656
2021-05-20 00:00:00 UTC,0.21924410608830178,1837885151.9734159,416474857.7092686
2021-05-21 00:00:00 UTC,0.2730164363036589,2299103586.845496,278659736.0511137
2021-05-22 00:00:00 UTC,0.2412162874712736,1990853715.988642,252209843.0782139
2021-05-23 00:00:00 UTC,0.27880015881203335,2308106579.3019767,476559719.92755777
2021-05-24 00:00:00 UTC,0.23470285727925733,1977862464.1719263,232081445.73417357
2021-05-25 00:00:00 UTC,0.2549850210771132,2149165505.0396314,194323572.70935312
2021-05-26 00:00:00 UTC,0.2543252616637743,2146423687.9622028,146478215.97818276
2021-05-27 00:00:00 UTC,0.2750408009152128,2303585325.8740654,163792190.88208818
2021-05-28 00:00:00 UTC,0.25548359965484924,2156675580.561502,116426785.71943702
2021-05-29 00:00:00 UTC,0.22007361438303022,1854688681.5885303,154281504.11234248
2021-05-30 00:00:00 UTC,0.21178585250030527,1791253224.3763058,99826691.28191951
2021-05-31 00:00:00 UTC,0.21965178882529424,1851266143.0195744,74460610.01865813
2021-06-01 00:00:00 UTC,0.23434652856872534,1971812532.8792567,88766120.03925565
2021-06-02 00:00:00 UTC,0.22690652363000768,1947741751.4183748,69667678.25542587
2021-06-03 00:00:00 UTC,0.23361393082809567,2000590221.1284099,79170089.45115417
2021-06-04 00:00:00 UTC,0.25966610931047934,2231974653.4227777,127789370.5858048
2021-06-05 00:00:00 UTC,0.2337187459953914,2010457734.4756055,112920625.54735693
2021-06-06 00:00:00 UTC,0.2227347264847916,1907714314.8026226,73183582.87550579
2021-06-07 00:00:00 UTC,0.22961413459556274,1961661649.8059087,42692366.33574987
2021-06-08 00:00:00 UTC,0.20761368637435829,1794888644.860062,59906254.53958201
2021-06-09 00:00:00 UTC,0.21710645294487554,1863794174.1283762,122485044.84914082
2021-06-10 00:00:00 UTC,0.21899077080517065,1891985970.8562546,102908470.92831731
2021-06-11 00:00:00 UTC,0.2069883723867314,1779916302.3109324,74072543.86602333
2021-06-12 00:00:00 UTC,0.20049391697627122,1722417437.0413702,57756150.644411586
2021-06-13 00:00:00 UTC,0.1902872567000893,1650291387.1209884,73620325.28770429
2021-06-14 00:00:00 UTC,0.1973155616786505,1688097685.6686,53633854.29712589
2021-06-15 00:00:00 UTC,0.2079166891917228,1777551035.100177,80384614.4533693
2021-06-16 00:00:00 UTC,0.21145897420621929,1815949797.9361649,82729815.89588109
2021-06-17 00:00:00 UTC,0.2034545223940739,1746544636.016025,74410057.77893716
2021-06-18 00:00:00 UTC,0.20906088708065157,1801707157.526062,68765273.45934696
2021-06-19 00:00:00 UTC,0.20667623277157798,1778903966.9298692,126859051.5237712
2021-06-20 00:00:00 UTC,0.1964401560280279,1692101752.3085818,45617651.79214525
2021-06-21 00:00:00 UTC,0.19441666555203685,1672250538.9738932,48015352.06671574
2021-06-22 00:00:00 UTC,0.17498686934002108,1527290326.0694556,136740784.36571953
2021-06-23 00:00:00 UTC,0.16664959372927082,1446295753.6763504,135735792.73706266
2021-06-24 00:00:00 UTC,0.1826784835363888,1605735100.1927195,85464200.42608331
2021-06-25 00:00:00 UTC,0.19261492939665942,1696454879.9697149,54990394.64239051
2021-06-26 00:00:00 UTC,0.1684243084001802,1484135428.0669744,94031632.43625824
2021-06-27 00:00:00 UTC,0.17819201526478468,1568234197.1334693,134136926.67510994
2021-06-28 00:00:00 UTC,0.1825240995515327,1604224146.4020145,43991691.32265264
2021-06-29 00:00:00 UTC,0.18361309024992797,1614489167.202498,55379925.991622604
2021-06-30 00:00:00 UTC,0.1908687710193984,1685275129.8837202,65795731.51769783
2021-07-01 00:00:00 UTC,0.19578957540910139,1722217648.9603882,76608546.14380857
2021-07-02 00:00:00 UTC,0.21492772581627712,1920066237.9982834,185757295.61262092
2021-07-03 00:00:00 UTC,0.19590930744240265,1750346050.6728628,74677280.7055837
2021-07-04 00:00:00 UTC,0.19468201224934212,1739256805.6715431,46577645.84078193
2021-07-05 00:00:00 UTC,0.1956177461865335,1753253538.3061762,41122931.97548363
2021-07-06 00:00:00 UTC,0.1868434908737023,1674026139.49335,45578669.420456715
2021-07-07 00:00:00 UTC,0.1851280570847548,1655354483.8310142,49686316.9627208
2021-07-08 00:00:00 UTC,0.18642984462100515,1669986026.53544,41880568.09229918
2021-07-09 00:00:00 UTC,0.17329760440676412,1550835518.4205403,42236119.27368453
2021-07-10 00:00:00 UTC,0.17730118015776683,1584528258.0122077,49364056.79169079
2021-07-11 00:00:00 UTC,0.17056936129917047,1528181554.8149443,28510678.59791168
2021-07-12 00:00:00 UTC,0.17297866228071337,1549536746.3665285,19448361.044172354
2021-07-13 00:00:00 UTC,0.16988060667186472,1519380223.9466548,32010887.39098795
2021-07-14 00:00:00 UTC,0.1770036073217493,1589360595.9279904,113258141.02747619
2021-07-15 00:00:00 UTC,0.1709245793417108,1528955805.9043844,38956183.509100445
2021-07-16 00:00:00 UTC,0.17517503534547146,1567131871.3603134,88071084.24283566
2021-07-17 00:00:00 UTC,0.1820534872847981,1630722771.5603647,143121415.8136597
2021-07-18 00:00:00 UTC,0.18878630700810337,1690856445.4217846,88244652.67337391
2021-07-19 00:00:00 UTC,0.1836093327454644,1641311404.4262,39171742.61725024
2021-07-20 00:00:00 UTC,0.17479618514886405,1574781916.534244,30424431.821103826
2021-07-21 00:00:00 UTC,0.1602682738017226,1433942891.3131976,49046895.331028834
2021-07-22 00:00:00 UTC,0.17082816318550675,1523015888.9814136,47283447.91332191
2021-07-23 00:00:00 UTC,0.1745717097197734,1722928995.1439452,46844203.063350655
2021-07-24 00:00:00 UTC,0.17389801069425997,1583861041.6331244,35218252.965760864
2021-07-25 00:00:00 UTC,0.1807315180469374,1645855160.6240506,38304503.557608366
2021-07-26 00:00:00 UTC,0.1778667395103555,1622903063.4381204,30882720.568792034
2021-07-27 00:00:00 UTC,0.1836113846383906,1678399382.479851,137781221.55750084
2021-07-28 00:00:00 UTC,0.19659178448154224,1787121661.4167855,93564100.01932363
2021-07-29 00:00:00 UTC,0.1972907536622281,1800243459.0574052,58988128.312598296
2021-07-30 00:00:00 UTC,0.20395536542696754,1872515139.102078,38704774.89940536
2021-07-31 00:00:00 UTC,0.21617517578849035,1972702548.8159423,81698491.72306138
2021-08-01 00:00:00 UTC,0.21486694147156896,1966699611.2364442,48012742.83292977
2021-08-02 00:00:00 UTC,0.20484876238295313,1900058804.1952357,44238860.31754735
2021-08-03 00:00:00 UTC,0.21002940762398037,1955422464.0425656,44918669.423258446
2021-08-04 00:00:00 UTC,0.21649941395518021,2025598986.248871,106820874.01955472
2021-08-05 00:00:00 UTC,0.2178749692267387,2026005092.9928684,50717068.98852869
2021-08-06 00:00:00 UTC,0.21921747790584634,2041140161.0319467,60433570.826646425
2021-08-07 00:00:00 UTC,0.21824041644323036,2027565798.56489,53070910.64778595
2021-08-08 00:00:00 UTC,0.2253025744252076,2092510697.6263826,78286936.7844702
2021-08-09 00:00:00 UTC,0.21375341625304162,1986798283.0263383,49069123.79246343
2021-08-10 00:00:00 UTC,0.22173810442773556,2054022209.955351,46824628.35928054
2021-08-11 00:00:00 UTC,0.2252201859355057,2085458335.668992,66768371.19168304
2021-08-12 00:00:00 UTC,0.22864995869270588,2120146222.9439874,98907687.57178733
2021-08-13 00:00:00 UTC,0.2186351200124845,2031423074.1006644,63306106.21543382
2021-08-14 00:00:00 UTC,0.23096147559280886,2142629281.6159897,62569930.3938102
2021-08-15 00:00:00 UTC,0.2598334336217373,2443882851.955322,256057171.7514326
2021-08-16 00:00:00 UTC,0.2521493652900064,2341008741.8424664,123551224.66929556
2021-08-17 00:00:00 UTC,0.24365151753324896,2304580146.9792614,95541557.58372939
2021-08-18 00:00:00 UTC,0.22686138723727378,2139521621.9019327,98906126.07187332
2021-08-19 00:00:00 UTC,0.2269112820797098,2117170116.2685127,68960916.54952155
2021-08-20 00:00:00 UTC,0.23592318924329708,2174575218.3107204,76024275.15862128
2021-08-21 00:00:00 UTC,0.2453674860974457,2280696172.822411,96344724.86090903
2021-08-22 00:00:00 UTC,0.24256609972009224,2257280173.755949,62854195.30072265
2021-08-23 00:00:00 UTC,0.24237067222205955,2298406256.18431,59237329.075562395
2021-08-24 00:00:00 UTC,0.2594435514821289,2455683517.7644925,125625919.1359494
2021-08-25 00:00:00 UTC,0.2542372275363659,2431716117.6519246,238280946.83025867
2021-08-26 00:00:00 UTC,0.25725390464562103,2437707618.9148445,105940158.72973667
2021-08-27 00:00:00 UTC,0.24171772993973803,2296454014.637659,85024381.46766736
2021-08-28 00:00:00 UTC,0.2522595675144108,2378956703.350323,75384127.88418806
2021-08-29 00:00:00 UTC,0.2615228675071471,2472956996.241496,84664117.20001166
2021-08-30 00:00:00 UTC,0.25281739051182295,2397278329.7934227,67890764.0463123
2021-08-31 00:00:00 UTC,0.24517063006675083,2321410310.6771603,62971327.643455766
2021-09-01 00:00:00 UTC,0.25247002675313324,2390529215.413597,159980156.38673052
2021-09-02 00:00:00 UTC,0.2639060717894396,2538920246.46876,107321088.68099055
2021-09-03 00:00:00 UTC,0.27378657157554914,2633377668.674646,179364713.00244153
2021-09-04 00:00:00 UTC,0.2841438785939645,2738438844.4105663,140076039.67357963
2021-09-05 00:00:00 UTC,0.3142919536126568,3031127941.418388,215001500.55345935
2021-09-06 00:00:00 UTC,0.3054029736077619,2936575083.829045,152342687.53922755
2021-09-07 00:00:00 UTC,0.3126437452280356,3010190618.9793515,134837522.465438
2021-09-08 00:00:00 UTC,0.27367099704659886,2631269053.5441957,377432857.8770839
2021-09-09 00:00:00 UTC,0.3167730838918963,3052753764.263536,264166166.9914716
2021-09-10 00:00:00 UTC,0.331601902843638,3218971194.0462117,431732051.2935006
2021-09-11 00:00:00 UTC,0.3142140722825231,3021478821.072685,196854711.8605925
2021-09-12 00:00:00 UTC,0.3618136033568249,3481404561.4129868,405469855.21017134
2021-09-13 00:00:00 UTC,0.4214527484118327,4063707171.549014,528294583.6733081
2021-09-14 00:00:00 UTC,0.4320748946552396,4131816507.4794984,896071442.666405
2021-09-15 00:00:00 UTC,0.46084428457063437,4449645539.4916935,717928652.4868809
2021-09-16 00:00:00 UTC,0.5088376840865344,4909713321.9816065,1226610156.258398
2021-09-17 00:00:00 UTC,0.47870954234458274,4605779511.648638,1044390778.4309216
2021-09-18 00:00:00 UTC,0.4228022344025816,4131425281.8467784,377496419.93957937
2021-09-19 00:00:00 UTC,0.4255740499499192,4110852962.1612644,275849946.7007914
2021-09-20 00:00:00 UTC,0.3989045665458887,3857140459.0340333,222132076.42971408
2021-09-21 00:00:00 UTC,0.34170299335884563,3283218602.5417504,482497165.4698911
2021-09-22 00:00:00 UTC,0.30358011167362486,2914645986.2734103,361446199.07394373
2021-09-23 00:00:00 UTC,0.3677846019744772,3821541765.1130667,334879308.3095963
2021-09-24 00:00:00 UTC,0.3847604132940142,3946434341.0742564,327249900.7595365
2021-09-25 00:00:00 UTC,0.35113049253587464,3623252541.8726554,364749754.93636125
2021-09-26 00:00:00 UTC,0.3453834440003408,3542655378.7993255,173670971.26485583
2021-09-27 00:00:00 UTC,0.3372046142328158,3464920448.388182,179021442.91121554
2021-09-28 00:00:00 UTC,0.3219300896719378,3289045349.3259363,137539028.8315349
2021-09-29 00:00:00 UTC,0.30394214638712164,3140882748.2882795,126220149.16795437
2021-09-30 00:00:00 UTC,0.31313076061532186,3213816611.6085787,137855990.42461282
2021-10-01 00:00:00 UTC,0.33934284572365664,3536901030.529355,152023688.02672583
2021-10-02 00:00:00 UTC,0.36634332732654706,3819327305.129705,165964938.03045675
2021-10-03 00:00:00 UTC,0.38872588282486864,4053733178.914851,207515033.22479823
2021-10-04 00:00:00 UTC,0.40215076534869876,4193824733.732685,253807067.9388589
2021-10-05 00:00:00 UTC,0.40864372067498644,4274063960.6342106,290225159.21663076
2021-10-06 00:00:00 UTC,0.4015480029645516,4210685364.5737247,202753155.7345372
2021-10-07 00:00:00 UTC,0.3813734299890457,3983199812.3520494,207654971.9793706
2021-10-08 00:00:00 UTC,0.3792756314838682,5611759414.656277,204501509.29058447
2021-10-09 00:00:00 UTC,0.3724870214156864,5532494024.027723,143042737.17063904
2021-10-10 00:00:00 UTC,0.3740482343615848,5540219352.240336,111008901.93145368
2021-10-11 00:00:00 UTC,0.34310435915495685,5040033573.641277,99408039.62552547
2021-10-12 00:00:00 UTC,0.34522148011097437,5102469327.412875,110494121.67002062
2021-10-13 00:00:00 UTC,0.3506649838540812,5208181214.176597,140928026.16106153
2021-10-14 00:00:00 UTC,0.35944593362866367,5326729633.632502,110116039.01419505
2021-10-15 00:00:00 UTC,0.38631209975613623,5689881580.551437,168304987.97707126
2021-10-16 00:00:00 UTC,0.36803846803402446,5462511478.488896,161279707.83417985
2021-10-17 00:00:00 UTC,0.37544025473630843,5560539160.228103,96640194.09439762
2021-10-18 00:00:00 UTC,0.3569805827042817,5294356881.023504,96817728.07925911
2021-10-19 00:00:00 UTC,0.35637070383228475,5297433010.403274,117982180.88364652
2021-10-20 00:00:00 UTC,0.37629503344603477,5591945496.656439,124350838.05404533
2021-10-21 00:00:00 UTC,0.4031498147190467,5987404757.998808,243703988.87748313
2021-10-22 00:00:00 UTC,0.38142625679975933,5673549317.344099,143958151.97520265
2021-10-23 00:00:00 UTC,0.3796193185259931,5701111715.310015,93467722.24909976
2021-10-24 00:00:00 UTC,0.38024633775073025,5707488629.137536,72808998.92746493
2021-10-25 00:00:00 UTC,0.36847379869501334,5526964210.641533,89160480.73518275
2021-10-26 00:00:00 UTC,0.3896615541475612,5855047106.710093,120532002.96621802
2021-10-27 00:00:00 UTC,0.39207924627290375,5884142756.0495405,182545758.36762646
2021-10-28 00:00:00 UTC,0.3529559376664506,5287142422.411411,226583976.45724088
2021-10-29 00:00:00 UTC,0.3726479201464082,5604813982.113712,156078376.99423933
2021-10-30 00:00:00 UTC,0.39174447723650674,5881955545.369097,147640585.61347926
2021-10-31 00:00:00 UTC,0.42007410938544415,6294651000.216297,445078531.8916077
2021-11-01 00:00:00 UTC,0.40759163664116704,6124763656.920664,371366581.3503142
2021-11-02 00:00:00 UTC,0.40266960441243815,6093829865.557369,203132901.2623906
2021-11-03 00:00:00 UTC,0.3965462306796346,5987305498.668835,124278179.04304707
2021-11-04 00:00:00 UTC,0.3924444523827187,5937389077.19462,120608587.92723516
2021-11-05 00:00:00 UTC,0.3937128747376226,5918865406.63691,110702350.89961872
2021-11-06 00:00:00 UTC,0.39446951615759074,5962641671.576636,117677215.43832284
2021-11-07 00:00:00 UTC,0.38749507321691784,5886861383.866377,78164290.74333893
2021-11-08 00:00:00 UTC,0.3961334913084901,5972071537.426299,68131910.77800776
2021-11-09 00:00:00 UTC,0.4223326668426661,6434390205.604328,415208112.41867846
2021-11-10 00:00:00 UTC,0.4289479886896499,6513001608.942322,202490132.74687797
2021-11-11 00:00:00 UTC,0.4085805744235429,6192845044.370635,232721680.37131336
2021-11-12 00:00:00 UTC,0.43294958020286756,6584652355.120198,204694410.86678454
2021-11-13 00:00:00 UTC,0.4592177902467646,6895650491.635693,358639272.03364646
2021-11-14 00:00:00 UTC,0.44220952196131785,6711333977.146684,159655355.835797
2021-11-15 00:00:00 UTC,0.440530494045303,6683437788.755029,74908777.61006835
2021-11-16 00:00:00 UTC,0.4305584593180825,6531972248.014423,104864123.61543757
2021-11-17 00:00:00 UTC,0.4030383270360652,6185787591.664275,182730699.66657174
2021-11-18 00:00:00 UTC,0.4073432867778918,6187371823.92755,115929032.78311202
2021-11-19 00:00:00 UTC,0.3595695505431843,5523652219.885397,189451600.1469619
2021-11-20 00:00:00 UTC,0.38418983598526724,5902260739.216686,104169114.61549576
2021-11-21 00:00:00 UTC,0.3914729398605904,6019936609.084964,84002471.99376813
2021-11-22 00:00:00 UTC,0.39149983762034807,6044075681.84367,85537945.51617323
2021-11-23 00:00:00 UTC,0.36651418304799266,5696265690.079446,104245700.98119545
2021-11-24 00:00:00 UTC,0.37207132260792813,5789520669.451227,89675915.13398556
2021-11-25 00:00:00 UTC,0.35441932418229166,6432162133.772228,108307804.51965651
2021-11-26 00:00:00 UTC,0.35932105136117964,6473280618.570287,105982237.54157163
2021-11-27 00:00:00 UTC,0.32298092112238824,5865511401.154142,124129702.87284221
2021-11-28 00:00:00 UTC,0.33309621499101794,6023708676.420145,56339794.19376602
2021-11-29 00:00:00 UTC,0.3326612270049436,6019397866.339552,90407137.020339
2021-11-30 00:00:00 UTC,0.3554094987721729,6505901184.618147,83168334.98125131
2021-12-01 00:00:00 UTC,0.3512317012871304,6422516979.945514,138335048.12377897
2021-12-02 00:00:00 UTC,0.3521883336867179,6413048891.983574,72181247.7986899
2021-12-03 00:00:00 UTC,0.3413263415382474,6242380812.141871,53603035.13171593
2021-12-04 00:00:00 UTC,0.31989251650061773,5845687130.335589,91377798.7322848
2021-12-05 00:00:00 UTC,0.2865354703820887,5218688117.526608,180780126.39342698
2021-12-06 00:00:00 UTC,0.27433852174892576,5013521516.03882,70738215.60274267
2021-12-07 00:00:00 UTC,0.28122229442655344,5133966877.855458,88759400.6273265
2021-12-08 00:00:00 UTC,0.274994942261481,5029148426.946349,69783246.57320052
2021-12-09 00:00:00 UTC,0.2819982667454504,5146041183.2583475,78010758.54392979
2021-12-10 00:00:00 UTC,0.25566578791991346,4712619045.5384245,77874936.36472169
2021-12-11 00:00:00 UTC,0.23800259972252227,4389198534.4620495,59530992.04831615
2021-12-12 00:00:00 UTC,0.2541829084328567,4644145411.600951,39613384.85374359
2021-12-13 00:00:00 UTC,0.2564001235814079,4684444855.439172,32677327.063423555
2021-12-14 00:00:00 UTC,0.22699700621356175,4141622361.740488,51813453.3587095
2021-12-15 00:00:00 UTC,0.23462010945666636,4288774187.6376386,55057395.42119096
2021-12-16 00:00:00 UTC,0.2575410138324388,4694906439.251084,79302230.33379221
2021-12-17 00:00:00 UTC,0.2631327123644067,4785235480.784773,92553066.73176353
2021-12-18 00:00:00 UTC,0.2533355231584326,4624037681.772633,66507523.98033362
2021-12-19 00:00:00 UTC,0.30785033077824747,5622761590.417489,265814767.8503202
2021-12-20 00:00:00 UTC,0.32782945617924286,6012106683.411292,211520143.22159934
2021-12-21 00:00:00 UTC,0.30770973965673293,5674499969.193513,139891385.2352773
2021-12-22 00:00:00 UTC,0.31032452511073894,5690805686.560766,69284201.8330363
2021-12-23 00:00:00 UTC,0.32159567347748713,5955159475.675818,163332603.30462694
2021-12-24 00:00:00 UTC,0.33064921855453705,6122274154.102251,93906598.79935062
2021-12-25 00:00:00 UTC,0.3109323880868032,5748271667.084862,85634891.87183556
2021-12-26 00:00:00 UTC,0.3170671741891992,5876625560.832637,51463786.791193776
2021-12-27 00:00:00 UTC,0.319906496728715,5902561849.483268,69513377.59756431
2021-12-28 00:00:00 UTC,0.31489587887563303,5832140971.016724,69084338.90933642
2021-12-29 00:00:00 UTC,0.2917318644671499,5397182403.674379,104903836.67703979
2021-12-30 00:00:00 UTC,0.28223952492280807,5179910059.320685,66331278.403255634
2021-12-31 00:00:00 UTC,0.2993613135264384,5525315114.79425,100468371.14735991
2022-01-01 00:00:00 UTC,0.2911793194792918,5448936261.518896,72791677.98162825
2022-01-02 00:00:00 UTC,0.3021268066759141,5615159721.340395,47235770.90597444
2022-01-03 00:00:00 UTC,0.3129485683647038,5860917106.058299,89135975.89204684
2022-01-04 00:00:00 UTC,0.30742718042822953,5732532453.766203,74324069.73017667
2022-01-05 00:00:00 UTC,0.328272222438435,6235540413.525833,200598910.41058138
2022-01-06 00:00:00 UTC,0.2901378661547374,5414349270.032179,182113783.89079443
2022-01-07 00:00:00 UTC,0.2950236224946863,5510442037.758961,129951359.06907283
2022-01-08 00:00:00 UTC,0.2721275835056521,5083131308.188686,147090971.05369318
2022-01-09 00:00:00 UTC,0.26669951465745,4993373400.425405,94812142.45560521
2022-01-10 00:00:00 UTC,0.27229774325350253,5072143947.369764,58916358.710648306
2022-01-11 00:00:00 UTC,0.2613879325532678,4876672031.115753,79844026.61818922
2022-01-12 00:00:00 UTC,0.27518813991119934,5130063215.756833,75051417.96146433
2022-01-13 00:00:00 UTC,0.29674209169094196,5534656599.452655,89701507.22230278
2022-01-14 00:00:00 UTC,0.2786987551352283,5210336072.0724945,82682192.99489298
2022-01-15 00:00:00 UTC,0.28187664722839084,5228268020.650883,59497740.85037033
2022-01-16 00:00:00 UTC,0.28058739341601246,5227419046.226479,41988990.44817931
2022-01-17 00:00:00 UTC,0.27987623522094196,5213834382.628946,42584159.7968575
2022-01-18 00:00:00 UTC,0.2712586585361721,5061214794.290508,65988664.12237855
2022-01-19 00:00:00 UTC,0.2665581224309669,4968736927.676743,59322695.35631191
2022-01-20 00:00:00 UTC,0.2678511333208741,5011103034.755612,66778574.187346086
2022-01-21 00:00:00 UTC,0.26080486570850114,4901488193.375493,109719283.61213955
2022-01-22 00:00:00 UTC,0.2351449802108186,4391370044.14395,132811850.74496137
2022-01-23 00:00:00 UTC,0.2225840912654611,4186442554.294643,124445432.72638139
2022-01-24 00:00:00 UTC,0.22181093021888884,4170076949.7240634,79771178.47311136
2022-01-25 00:00:00 UTC,0.20726925951550149,3909856768.745437,124561456.08738008
2022-01-26 00:00:00 UTC,0.21320222125603422,4015019064.4627137,68226752.18033446
2022-01-27 00:00:00 UTC,0.21226335263340454,4014130947.0551653,79274072.79851694
2022-01-28 00:00:00 UTC,0.2095589940871869,3953823974.282947,60223908.824258834
2022-01-29 00:00:00 UTC,0.2167713651153529,4086706973.793946,41404652.40211163
2022-01-30 00:00:00 UTC,0.22294481691201373,4188116323.439179,39329558.983492516
2022-01-31 00:00:00 UTC,0.220305295117052,4151789034.6795807,37164469.437413655
2022-02-01 00:00:00 UTC,0.22295327635436044,4224013686.859711,45912050.60030618
2022-02-02 00:00:00 UTC,0.23055838810853416,4391495776.502715,51513710.46601251
2022-02-03 00:00:00 UTC,0.22166797480296876,4201280842.4394293,42945594.50307805
2022-02-04 00:00:00 UTC,0.23707062540920712,4509357392.823289,153570751.828719
2022-02-05 00:00:00 UTC,0.2502182199046851,4716849694.523173,97044628.32802829
2022-02-06 00:00:00 UTC,0.2608988990808717,4957734338.008694,73161064.15038712
2022-02-07 00:00:00 UTC,0.2587942592010343,4903893845.253759,50321746.59956661
2022-02-08 00:00:00 UTC,0.2624446304222722,5093622997.598932,90617028.33070822
2022-02-09 00:00:00 UTC,0.25463848265190536,4929107936.364837,96786792.22857195
2022-02-10 00:00:00 UTC,0.257768333804162,4999010367.996442,55513548.34986524
2022-02-11 00:00:00 UTC,0.2481086507923286,4817803813.23831,75596500.63633372
2022-02-12 00:00:00 UTC,0.23438100881516816,4543614035.728011,64324097.962579384
2022-02-13 00:00:00 UTC,0.23271670692373608,4508894313.922587,53297856.64773722
2022-02-14 00:00:00 UTC,0.22799711072306073,4421350006.543625,39557784.31786003
2022-02-15 00:00:00 UTC,0.2424953288088988,4710422738.681565,72391319.22079062
2022-02-16 00:00:00 UTC,0.25900311125466746,5008052688.512666,140233240.9875806
2022-02-17 00:00:00 UTC,0.2624101131730347,5117347155.063509,78376521.50537309
2022-02-18 00:00:00 UTC,0.23485597177450254,4568452735.898679,83545716.79694223
2022-02-19 00:00:00 UTC,0.23032706249102086,4471659720.957837,57520836.74824965
2022-02-20 00:00:00 UTC,0.2332932169340634,4520722968.775381,38233816.551040076
2022-02-21 00:00:00 UTC,0.21586610770548906,4209015904.197793,58364567.72378327
2022-02-22 00:00:00 UTC,0.1994803428196025,3869882555.1411376,71947121.9215528
2022-02-23 00:00:00 UTC,0.23519199968786533,4580860663.360492,201273312.50857246
2022-02-24 00:00:00 UTC,0.21980200904448782,4307111067.246675,115585029.17034425
2022-02-25 00:00:00 UTC,0.21607829685305954,4221338369.0509553,147771359.36210945
2022-02-26 00:00:00 UTC,0.22521638484078685,4406742237.113285,83068153.4673948
2022-02-27 00:00:00 UTC,0.224065358765986,4361375383.117292,47327941.79700763
2022-02-28 00:00:00 UTC,0.21059580274952644,4113215868.1254983,54628825.68221864
2022-03-01 00:00:00 UTC,0.2304472425994173,4520274087.612623,69111379.888463
2022-03-02 00:00:00 UTC,0.22666078018695043,4456849771.658528,87440838.05948807
2022-03-03 00:00:00 UTC,0.2231636458849974,4389267257.38017,65043680.53898899
2022-03-04 00:00:00 UTC,0.22203492471236902,4374093030.49271,54803285.608006306
2022-03-05 00:00:00 UTC,0.2060221985189766,4048902587.1831503,49338361.343637906
2022-03-06 00:00:00 UTC,0.21080817446759542,4141415407.3083806,27841673.49769935
2022-03-07 00:00:00 UTC,0.20281195980797517,3982003059.574935,27666684.40453199
2022-03-08 00:00:00 UTC,0.20694262505364394,4068215484.7603393,51179287.318497516
2022-03-09 00:00:00 UTC,0.20487838327774394,4031684019.354031,44591228.94854978
2022-03-10 00:00:00 UTC,0.21304992596278263,4195214534.5449862,49509981.88861884
2022-03-11 00:00:00 UTC,0.21676841416372253,4261040854.486364,81555854.06695826
2022-03-12 00:00:00 UTC,0.20583942056130045,4072597238.773262,45022786.32605686
2022-03-13 00:00:00 UTC,0.20621153075221105,4070938589.3972473,28517682.16663092
2022-03-14 00:00:00 UTC,0.19944476022106142,3939151375.387042,29174692.40618071
2022-03-15 00:00:00 UTC,0.20360044428977983,4010506476.5436993,37340586.96731146
2022-03-16 00:00:00 UTC,0.20036215179475125,3966123478.448321,46225063.96321806
2022-03-17 00:00:00 UTC,0.2046009635472988,3985490762.2028503,72676495.47350064
2022-03-18 00:00:00 UTC,0.2058168386223555,4064005112.862358,43615761.99553203
2022-03-19 00:00:00 UTC,0.20828371452673045,4116662635.5424795,46090132.56085464
2022-03-20 00:00:00 UTC,0.21028235936467893,4154268116.9095483,43909890.91190962
2022-03-21 00:00:00 UTC,0.209159803470356,4125763424.5117154,46241346.57656583
2022-03-22 00:00:00 UTC,0.21137289985715396,4175654839.4561486,57645118.13202019
2022-03-23 00:00:00 UTC,0.21445043729633934,4278969943.456427,67075771.87619522
2022-03-24 00:00:00 UTC,0.2188028588182196,4366763780.929453,62754804.90982451
2022-03-25 00:00:00 UTC,0.22003216507430082,4393369904.223154,80837762.18108742
2022-03-26 00:00:00 UTC,0.22328428893743313,4443951421.630451,74802451.94379647
2022-03-27 00:00:00 UTC,0.22677372278579877,4520109792.488771,39762595.45318154
2022-03-28 00:00:00 UTC,0.2417419005231128,4814823563.235355,105695752.12408508
2022-03-29 00:00:00 UTC,0.23539761839967513,4734121650.387166,117836384.25395574
2022-03-30 00:00:00 UTC,0.25400184811362153,5063005583.014604,189430219.35699818
2022-03-31 00:00:00 UTC,0.25378626822325095,5062509656.093236,111663513.30360247
2022-04-01 00:00:00 UTC,0.23613842878730046,4713112554.82758,124308901.90696537
2022-04-02 00:00:00 UTC,0.2461238476337719,4931391405.2713995,96767053.88734156
2022-04-03 00:00:00 UTC,0.2450988634412479,4922210281.823333,76020649.57709213
2022-04-04 00:00:00 UTC,0.24851160854054208,4977895087.191955,57513774.66398998
2022-04-05 00:00:00 UTC,0.23868796670018427,4787931626.282526,66763461.53634395
2022-04-06 00:00:00 UTC,0.22748806867678628,4596272340.05111,47577654.1728447
2022-04-07 00:00:00 UTC,0.2107611046505889,4235485315.495732,72628833.75015712
2022-04-08 00:00:00 UTC,0.22417252748947122,4500896545.019096,109877402.45110342
2022-04-09 00:00:00 UTC,0.20875843748814532,4165371076.2063885,51678370.487051874
2022-04-10 00:00:00 UTC,0.2143271309262204,4292523622.324776,32144920.512971785
2022-04-11 00:00:00 UTC,0.21004049196166813,4230199596.2987876,33442021.674567185
2022-04-12 00:00:00 UTC,0.1954794175502173,3933271510.5843453,65777926.25394697
2022-04-13 00:00:00 UTC,0.19965151917369248,3999267861.946214,51558293.32709154
2022-04-14 00:00:00 UTC,0.20433609204784936,4091993796.88202,49049638.71773186
2022-04-15 00:00:00 UTC,0.1968783125943602,3951200647.2312994,41576468.71881892
2022-04-16 00:00:00 UTC,0.20060487475463526,4017735121.9480033,34953905.302836835
2022-04-17 00:00:00 UTC,0.19924046256625383,4011987281.7108016,39833899.59355449
2022-04-18 00:00:00 UTC,0.1932798965938406,3858168507.61512,29052370.47932075
2022-04-19 00:00:00 UTC,0.19499405590414873,3904004932.07658,57358552.79720603
2022-04-20 00:00:00 UTC,0.19947740699617364,4005472354.423382,41120971.89485095
2022-04-21 00:00:00 UTC,0.19633970207916296,3937287139.7979198,50136606.432308264
2022-04-22 00:00:00 UTC,0.19129616944282182,3824435180.487842,53239046.110688545
2022-04-23 00:00:00 UTC,0.19017893318392104,3846641797.411921,35838264.59563021
2022-04-24 00:00:00 UTC,0.18800877132771293,3812161878.811279,21990094.10149944
2022-04-25 00:00:00 UTC,0.18588625662902497,3770768670.098854,23760533.515627775
2022-04-26 00:00:00 UTC,0.1819300063857437,3680248654.973121,64871864.110655695
2022-04-27 00:00:00 UTC,0.16777430955196185,3387798159.591778,46544625.62513848
2022-04-28 00:00:00 UTC,0.1694553099023234,3431938889.0777235,40693776.075079255
2022-04-29 00:00:00 UTC,0.16952357375079555,3435007552.123084,37710658.06836651
2022-04-30 00:00:00 UTC,0.15975623689200624,3242715836.935267,45391512.56466296
2022-05-01 00:00:00 UTC,0.1421067888539316,2882713441.312418,82272381.37641594
2022-05-02 00:00:00 UTC,0.14630450246271545,2977868371.9993334,57360482.51131897
2022-05-03 00:00:00 UTC,0.14014721716235082,2902968282.8501544,64887238.17532428
2022-05-04 00:00:00 UTC,0.13906530705034664,2886683905.0618443,45065147.23682759
2022-05-05 00:00:00 UTC,0.15157512655742528,3135772934.9756246,55009256.92469358
2022-05-06 00:00:00 UTC,0.13606876408332955,2821636588.4801927,67404642.97085863
2022-05-07 00:00:00 UTC,0.13453790647930708,2788972908.6936083,45784344.76822128
2022-05-08 00:00:00 UTC,0.13067631872872995,2714729210.3576717,31150178.856282648
2022-05-09 00:00:00 UTC,0.1277021011685217,2650964345.817822,37444294.92015716
2022-05-10 00:00:00 UTC,0.10771620911187822,2272450406.5335536,74737559.03797445
2022-05-11 00:00:00 UTC,0.11507018979835373,2385888751.8317385,94180888.45527825
2022-05-12 00:00:00 UTC,0.09069836120441259,1946785984.077551,146499858.33865604
